symboling,fueltype,Company,aspiration,doornumber,carbody,drivewheel,enginelocation,wheelbase,carlength,carwidth,carheight,curbweight,enginetype,cylindernumber,enginesize,fuelsystem,boreratio,stroke,compressionratio,horsepower,peakrpm,price,fueleconomy
3,gas,alfa-romero,std,2,convertible,rwd,front,88.6,168.8,64.1,48.8,2548,dohc,4,130,mpfi,3.47,2.68,9.0,111,5000,13495.0,23.700000000000003
3,gas,alfa-romero,std,2,convertible,rwd,front,88.6,168.8,64.1,48.8,2548,dohc,4,130,mpfi,3.47,2.68,9.0,111,5000,16500.0,23.700000000000003
1,gas,alfa-romero,std,2,hatchback,rwd,front,94.5,171.2,65.5,52.4,2823,ohcv,6,152,mpfi,2.68,3.47,9.0,154,5000,16500.0,22.150000000000002
2,gas,audi,std,4,sedan,fwd,front,99.8,176.6,66.2,54.3,2337,ohc,4,109,mpfi,3.19,3.4,10.0,102,5500,13950.0,26.700000000000003
2,gas,audi,std,4,sedan,4wd,front,99.4,176.6,66.4,54.3,2824,ohc,5,136,mpfi,3.19,3.4,8.0,115,5500,17450.0,19.8
2,gas,audi,std,2,sedan,fwd,front,99.8,177.3,66.3,53.1,2507,ohc,5,136,mpfi,3.19,3.4,8.5,110,5500,15250.0,21.700000000000003
1,gas,audi,std,4,sedan,fwd,front,105.8,192.7,71.4,55.7,2844,ohc,5,136,mpfi,3.19,3.4,8.5,110,5500,17710.0,21.700000000000003
1,gas,audi,std,4,wagon,fwd,front,105.8,192.7,71.4,55.7,2954,ohc,5,136,mpfi,3.19,3.4,8.5,110,5500,18920.0,21.700000000000003
1,gas,audi,turbo,4,sedan,fwd,front,105.8,192.7,71.4,55.9,3086,ohc,5,131,mpfi,3.13,3.4,8.3,140,5500,23875.0,18.35
0,gas,audi,turbo,2,hatchback,4wd,front,99.5,178.2,67.9,52.0,3053,ohc,5,131,mpfi,3.13,3.4,7.0,160,5500,17859.167,18.700000000000003
2,gas,bmw,std,2,sedan,rwd,front,101.2,176.8,64.8,54.3,2395,ohc,4,108,mpfi,3.5,2.8,8.8,101,5800,16430.0,25.700000000000003
0,gas,bmw,std,4,sedan,rwd,front,101.2,176.8,64.8,54.3,2395,ohc,4,108,mpfi,3.5,2.8,8.8,101,5800,16925.0,25.700000000000003
0,gas,bmw,std,2,sedan,rwd,front,101.2,176.8,64.8,54.3,2710,ohc,6,164,mpfi,3.31,3.19,9.0,121,4250,20970.0,24.15
0,gas,bmw,std,4,sedan,rwd,front,101.2,176.8,64.8,54.3,2765,ohc,6,164,mpfi,3.31,3.19,9.0,121,4250,21105.0,24.15
1,gas,bmw,std,4,sedan,rwd,front,103.5,189.0,66.9,55.7,3055,ohc,6,164,mpfi,3.31,3.19,9.0,121,4250,24565.0,22.25
0,gas,bmw,std,4,sedan,rwd,front,103.5,189.0,66.9,55.7,3230,ohc,6,209,mpfi,3.62,3.39,8.0,182,5400,30760.0,18.700000000000003
0,gas,bmw,std,2,sedan,rwd,front,103.5,193.8,67.9,53.7,3380,ohc,6,209,mpfi,3.62,3.39,8.0,182,5400,41315.0,18.700000000000003
0,gas,bmw,std,4,sedan,rwd,front,110.0,197.0,70.9,56.3,3505,ohc,6,209,mpfi,3.62,3.39,8.0,182,5400,36880.0,17.25
2,gas,chevrolet,std,2,hatchback,fwd,front,88.4,141.1,60.3,53.2,1488,l,3,61,2bbl,2.91,3.03,9.5,48,5100,5151.0,49.7
1,gas,chevrolet,std,2,hatchback,fwd,front,94.5,155.9,63.6,52.0,1874,ohc,4,90,2bbl,3.03,3.11,9.6,70,5400,6295.0,40.25
0,gas,chevrolet,std,4,sedan,fwd,front,94.5,158.8,63.6,52.0,1909,ohc,4,90,2bbl,3.03,3.11,9.6,70,5400,6575.0,40.25
1,gas,dodge,std,2,hatchback,fwd,front,93.7,157.3,63.8,50.8,1876,ohc,4,90,2bbl,2.97,3.23,9.41,68,5500,5572.0,38.8
1,gas,dodge,std,2,hatchback,fwd,front,93.7,157.3,63.8,50.8,1876,ohc,4,90,2bbl,2.97,3.23,9.4,68,5500,6377.0,34.150000000000006
1,gas,dodge,turbo,2,hatchback,fwd,front,93.7,157.3,63.8,50.8,2128,ohc,4,98,mpfi,3.03,3.39,7.6,102,5500,7957.0,26.700000000000003
1,gas,dodge,std,4,hatchback,fwd,front,93.7,157.3,63.8,50.6,1967,ohc,4,90,2bbl,2.97,3.23,9.4,68,5500,6229.0,34.150000000000006
1,gas,dodge,std,4,sedan,fwd,front,93.7,157.3,63.8,50.6,1989,ohc,4,90,2bbl,2.97,3.23,9.4,68,5500,6692.0,34.150000000000006
1,gas,dodge,std,4,sedan,fwd,front,93.7,157.3,63.8,50.6,1989,ohc,4,90,2bbl,2.97,3.23,9.4,68,5500,7609.0,34.150000000000006
1,gas,dodge,turbo,2,sedan,fwd,front,93.7,157.3,63.8,50.6,2191,ohc,4,98,mpfi,3.03,3.39,7.6,102,5500,8558.0,26.700000000000003
-1,gas,dodge,std,4,wagon,fwd,front,103.3,174.6,64.6,59.8,2535,ohc,4,122,2bbl,3.34,3.46,8.5,88,5000,8921.0,26.700000000000003
3,gas,dodge,turbo,2,hatchback,fwd,front,95.9,173.2,66.3,50.2,2811,ohc,4,156,mfi,3.6,3.9,7.0,145,5000,12964.0,21.25
2,gas,honda,std,2,hatchback,fwd,front,86.6,144.6,63.9,50.8,1713,ohc,4,92,1bbl,2.91,3.41,9.6,58,4800,6479.0,51.25
2,gas,honda,std,2,hatchback,fwd,front,86.6,144.6,63.9,50.8,1819,ohc,4,92,1bbl,2.91,3.41,9.2,76,6000,6855.0,34.150000000000006
1,gas,honda,std,2,hatchback,fwd,front,93.7,150.0,64.0,52.6,1837,ohc,4,79,1bbl,2.91,3.07,10.1,60,5500,5399.0,39.800000000000004
1,gas,honda,std,2,hatchback,fwd,front,93.7,150.0,64.0,52.6,1940,ohc,4,92,1bbl,2.91,3.41,9.2,76,6000,6529.0,31.8
1,gas,honda,std,2,hatchback,fwd,front,93.7,150.0,64.0,52.6,1956,ohc,4,92,1bbl,2.91,3.41,9.2,76,6000,7129.0,31.8
0,gas,honda,std,4,sedan,fwd,front,96.5,163.4,64.0,54.5,2010,ohc,4,92,1bbl,2.91,3.41,9.2,76,6000,7295.0,31.8
0,gas,honda,std,4,wagon,fwd,front,96.5,157.1,63.9,58.3,2024,ohc,4,92,1bbl,2.92,3.41,9.2,76,6000,7295.0,31.8
0,gas,honda,std,2,hatchback,fwd,front,96.5,167.5,65.2,53.3,2236,ohc,4,110,1bbl,3.15,3.58,9.0,86,5800,7895.0,29.700000000000003
0,gas,honda,std,2,hatchback,fwd,front,96.5,167.5,65.2,53.3,2289,ohc,4,110,1bbl,3.15,3.58,9.0,86,5800,9095.0,29.700000000000003
0,gas,honda,std,4,sedan,fwd,front,96.5,175.4,65.2,54.1,2304,ohc,4,110,1bbl,3.15,3.58,9.0,86,5800,8845.0,29.700000000000003
0,gas,honda,std,4,sedan,fwd,front,96.5,175.4,62.5,54.1,2372,ohc,4,110,1bbl,3.15,3.58,9.0,86,5800,10295.0,29.700000000000003
0,gas,honda,std,4,sedan,fwd,front,96.5,175.4,65.2,54.1,2465,ohc,4,110,mpfi,3.15,3.58,9.0,101,5800,12945.0,25.8
1,gas,honda,std,2,sedan,fwd,front,96.5,169.1,66.0,51.0,2293,ohc,4,110,2bbl,3.15,3.58,9.1,100,5500,10345.0,27.700000000000003
0,gas,isuzu,std,4,sedan,rwd,front,94.3,170.7,61.8,53.5,2337,ohc,4,111,2bbl,3.31,3.23,8.5,78,4800,6785.0,26.25
1,gas,isuzu,std,2,sedan,fwd,front,94.5,155.9,63.6,52.0,1874,ohc,4,90,2bbl,3.03,3.11,9.6,70,5400,8916.5,40.25
0,gas,isuzu,std,4,sedan,fwd,front,94.5,155.9,63.6,52.0,1909,ohc,4,90,2bbl,3.03,3.11,9.6,70,5400,8916.5,40.25
2,gas,isuzu,std,2,hatchback,rwd,front,96.0,172.6,65.2,51.4,2734,ohc,4,119,spfi,3.43,3.23,9.2,90,5000,11048.0,26.25
0,gas,jaguar,std,4,sedan,rwd,front,113.0,199.6,69.6,52.8,4066,dohc,6,258,mpfi,3.63,4.17,8.1,176,4750,32250.0,16.8
0,gas,jaguar,std,4,sedan,rwd,front,113.0,199.6,69.6,52.8,4066,dohc,6,258,mpfi,3.63,4.17,8.1,176,4750,35550.0,16.8
0,gas,jaguar,std,2,sedan,rwd,front,102.0,191.7,70.6,47.8,3950,ohcv,12,326,mpfi,3.54,2.76,11.5,262,5000,36000.0,14.8
1,gas,mazda,std,2,hatchback,fwd,front,93.1,159.1,64.2,54.1,1890,ohc,4,91,2bbl,3.03,3.15,9.0,68,5000,5195.0,30.450000000000003
1,gas,mazda,std,2,hatchback,fwd,front,93.1,159.1,64.2,54.1,1900,ohc,4,91,2bbl,3.03,3.15,9.0,68,5000,6095.0,34.150000000000006
1,gas,mazda,std,2,hatchback,fwd,front,93.1,159.1,64.2,54.1,1905,ohc,4,91,2bbl,3.03,3.15,9.0,68,5000,6795.0,34.150000000000006
1,gas,mazda,std,4,sedan,fwd,front,93.1,166.8,64.2,54.1,1945,ohc,4,91,2bbl,3.03,3.15,9.0,68,5000,6695.0,34.150000000000006
1,gas,mazda,std,4,sedan,fwd,front,93.1,166.8,64.2,54.1,1950,ohc,4,91,2bbl,3.08,3.15,9.0,68,5000,7395.0,34.150000000000006
3,gas,mazda,std,2,hatchback,rwd,front,95.3,169.0,65.7,49.6,2380,rotor,2,70,4bbl,3.33,3.255,9.4,101,6000,10945.0,19.700000000000003
3,gas,mazda,std,2,hatchback,rwd,front,95.3,169.0,65.7,49.6,2380,rotor,2,70,4bbl,3.33,3.255,9.4,101,6000,11845.0,19.700000000000003
3,gas,mazda,std,2,hatchback,rwd,front,95.3,169.0,65.7,49.6,2385,rotor,2,70,4bbl,3.33,3.255,9.4,101,6000,13645.0,19.700000000000003
3,gas,mazda,std,2,hatchback,rwd,front,95.3,169.0,65.7,49.6,2500,rotor,2,80,mpfi,3.33,3.255,9.4,135,6000,15645.0,19.15
1,gas,mazda,std,2,hatchback,fwd,front,98.8,177.8,66.5,53.7,2385,ohc,4,122,2bbl,3.39,3.39,8.6,84,4800,8845.0,28.700000000000003
0,gas,mazda,std,4,sedan,fwd,front,98.8,177.8,66.5,55.5,2410,ohc,4,122,2bbl,3.39,3.39,8.6,84,4800,8495.0,28.700000000000003
1,gas,mazda,std,2,hatchback,fwd,front,98.8,177.8,66.5,53.7,2385,ohc,4,122,2bbl,3.39,3.39,8.6,84,4800,10595.0,28.700000000000003
0,gas,mazda,std,4,sedan,fwd,front,98.8,177.8,66.5,55.5,2410,ohc,4,122,2bbl,3.39,3.39,8.6,84,4800,10245.0,28.700000000000003
0,diesel,mazda,std,4,sedan,fwd,front,98.8,177.8,66.5,55.5,2443,ohc,4,122,idi,3.39,3.39,22.7,64,4650,10795.0,38.7
0,gas,mazda,std,4,hatchback,fwd,front,98.8,177.8,66.5,55.5,2425,ohc,4,122,2bbl,3.39,3.39,8.6,84,4800,11245.0,28.700000000000003
0,gas,mazda,std,4,sedan,rwd,front,104.9,175.0,66.1,54.4,2670,ohc,4,140,mpfi,3.76,3.16,8.0,120,5000,18280.0,22.6
0,diesel,mazda,std,4,sedan,rwd,front,104.9,175.0,66.1,54.4,2700,ohc,4,134,idi,3.43,3.64,22.0,72,4200,18344.0,34.6
-1,diesel,buick,turbo,4,sedan,rwd,front,110.0,190.9,70.3,56.5,3515,ohc,5,183,idi,3.58,3.64,21.5,123,4350,25552.0,23.35
-1,diesel,buick,turbo,4,wagon,rwd,front,110.0,190.9,70.3,58.7,3750,ohc,5,183,idi,3.58,3.64,21.5,123,4350,28248.0,23.35
0,diesel,buick,turbo,2,hardtop,rwd,front,106.7,187.5,70.3,54.9,3495,ohc,5,183,idi,3.58,3.64,21.5,123,4350,28176.0,23.35
-1,diesel,buick,turbo,4,sedan,rwd,front,115.6,202.6,71.7,56.3,3770,ohc,5,183,idi,3.58,3.64,21.5,123,4350,31600.0,23.35
-1,gas,buick,std,4,sedan,rwd,front,115.6,202.6,71.7,56.5,3740,ohcv,8,234,mpfi,3.46,3.1,8.3,155,4750,34184.0,16.9
3,gas,buick,std,2,convertible,rwd,front,96.6,180.3,70.5,50.8,3685,ohcv,8,234,mpfi,3.46,3.1,8.3,155,4750,35056.0,16.9
0,gas,buick,std,4,sedan,rwd,front,120.9,208.1,71.7,56.7,3900,ohcv,8,308,mpfi,3.8,3.35,8.0,184,4500,40960.0,14.900000000000002
1,gas,buick,std,2,hardtop,rwd,front,112.0,199.2,72.0,55.4,3715,ohcv,8,304,mpfi,3.8,3.35,8.0,184,4500,45400.0,14.900000000000002
1,gas,mercury,turbo,2,hatchback,rwd,front,102.7,178.4,68.0,54.8,2910,ohc,4,140,mpfi,3.78,3.12,8.0,175,5000,16503.0,21.25
2,gas,mitsubishi,std,2,hatchback,fwd,front,93.7,157.3,64.4,50.8,1918,ohc,4,92,2bbl,2.97,3.23,9.4,68,5500,5389.0,38.8
2,gas,mitsubishi,std,2,hatchback,fwd,front,93.7,157.3,64.4,50.8,1944,ohc,4,92,2bbl,2.97,3.23,9.4,68,5500,6189.0,34.150000000000006
2,gas,mitsubishi,std,2,hatchback,fwd,front,93.7,157.3,64.4,50.8,2004,ohc,4,92,2bbl,2.97,3.23,9.4,68,5500,6669.0,34.150000000000006
1,gas,mitsubishi,turbo,2,hatchback,fwd,front,93.0,157.3,63.8,50.8,2145,ohc,4,98,spdi,3.03,3.39,7.6,102,5500,7689.0,26.700000000000003
3,gas,mitsubishi,turbo,2,hatchback,fwd,front,96.3,173.0,65.4,49.4,2370,ohc,4,110,spdi,3.17,3.46,7.5,116,5500,9959.0,26.15
3,gas,mitsubishi,std,2,hatchback,fwd,front,96.3,173.0,65.4,49.4,2328,ohc,4,122,2bbl,3.35,3.46,8.5,88,5000,8499.0,28.150000000000002
3,gas,mitsubishi,turbo,2,hatchback,fwd,front,95.9,173.2,66.3,50.2,2833,ohc,4,156,spdi,3.58,3.86,7.0,145,5000,12629.0,21.25
3,gas,mitsubishi,turbo,2,hatchback,fwd,front,95.9,173.2,66.3,50.2,2921,ohc,4,156,spdi,3.59,3.86,7.0,145,5000,14869.0,21.25
3,gas,mitsubishi,turbo,2,hatchback,fwd,front,95.9,173.2,66.3,50.2,2926,ohc,4,156,spdi,3.59,3.86,7.0,145,5000,14489.0,21.25
1,gas,mitsubishi,std,4,sedan,fwd,front,96.3,172.4,65.4,51.6,2365,ohc,4,122,2bbl,3.35,3.46,8.5,88,5000,6989.0,28.150000000000002
1,gas,mitsubishi,std,4,sedan,fwd,front,96.3,172.4,65.4,51.6,2405,ohc,4,122,2bbl,3.35,3.46,8.5,88,5000,8189.0,28.150000000000002
1,gas,mitsubishi,turbo,4,sedan,fwd,front,96.3,172.4,65.4,51.6,2403,ohc,4,110,spdi,3.17,3.46,7.5,116,5500,9279.0,26.15
-1,gas,mitsubishi,std,4,sedan,fwd,front,96.3,172.4,65.4,51.6,2403,ohc,4,110,spdi,3.17,3.46,7.5,116,5500,9279.0,26.15
1,gas,nissan,std,2,sedan,fwd,front,94.5,165.3,63.8,54.5,1889,ohc,4,97,2bbl,3.15,3.29,9.4,69,5200,5499.0,33.7
1,diesel,nissan,std,2,sedan,fwd,front,94.5,165.3,63.8,54.5,2017,ohc,4,103,idi,2.99,3.47,21.9,55,4800,7099.0,47.25
1,gas,nissan,std,2,sedan,fwd,front,94.5,165.3,63.8,54.5,1918,ohc,4,97,2bbl,3.15,3.29,9.4,69,5200,6649.0,33.7
1,gas,nissan,std,4,sedan,fwd,front,94.5,165.3,63.8,54.5,1938,ohc,4,97,2bbl,3.15,3.29,9.4,69,5200,6849.0,33.7
1,gas,nissan,std,4,wagon,fwd,front,94.5,170.2,63.8,53.5,2024,ohc,4,97,2bbl,3.15,3.29,9.4,69,5200,7349.0,33.7
1,gas,nissan,std,2,sedan,fwd,front,94.5,165.3,63.8,54.5,1951,ohc,4,97,2bbl,3.15,3.29,9.4,69,5200,7299.0,33.7
1,gas,nissan,std,2,hatchback,fwd,front,94.5,165.6,63.8,53.3,2028,ohc,4,97,2bbl,3.15,3.29,9.4,69,5200,7799.0,33.7
1,gas,nissan,std,4,sedan,fwd,front,94.5,165.3,63.8,54.5,1971,ohc,4,97,2bbl,3.15,3.29,9.4,69,5200,7499.0,33.7
1,gas,nissan,std,4,wagon,fwd,front,94.5,170.2,63.8,53.5,2037,ohc,4,97,2bbl,3.15,3.29,9.4,69,5200,7999.0,33.7
2,gas,nissan,std,2,hardtop,fwd,front,95.1,162.4,63.8,53.3,2008,ohc,4,97,2bbl,3.15,3.29,9.4,69,5200,8249.0,33.7
0,gas,nissan,std,4,hatchback,fwd,front,97.2,173.4,65.2,54.7,2324,ohc,4,120,2bbl,3.33,3.47,8.5,97,5200,8949.0,30.150000000000002
0,gas,nissan,std,4,sedan,fwd,front,97.2,173.4,65.2,54.7,2302,ohc,4,120,2bbl,3.33,3.47,8.5,97,5200,9549.0,30.150000000000002
0,gas,nissan,std,4,sedan,fwd,front,100.4,181.7,66.5,55.1,3095,ohcv,6,181,mpfi,3.43,3.27,9.0,152,5200,13499.0,19.25
0,gas,nissan,std,4,wagon,fwd,front,100.4,184.6,66.5,56.1,3296,ohcv,6,181,mpfi,3.43,3.27,9.0,152,5200,14399.0,19.25
0,gas,nissan,std,4,sedan,fwd,front,100.4,184.6,66.5,55.1,3060,ohcv,6,181,mpfi,3.43,3.27,9.0,152,5200,13499.0,21.700000000000003
3,gas,nissan,std,2,hatchback,rwd,front,91.3,170.7,67.9,49.7,3071,ohcv,6,181,mpfi,3.43,3.27,9.0,160,5200,17199.0,21.700000000000003
3,gas,nissan,turbo,2,hatchback,rwd,front,91.3,170.7,67.9,49.7,3139,ohcv,6,181,mpfi,3.43,3.27,7.8,200,5200,19699.0,19.700000000000003
1,gas,nissan,std,2,hatchback,rwd,front,99.2,178.5,67.9,49.7,3139,ohcv,6,181,mpfi,3.43,3.27,9.0,160,5200,18399.0,21.700000000000003
0,gas,peugeot,std,4,sedan,rwd,front,107.9,186.7,68.4,56.7,3020,l,4,120,mpfi,3.46,3.19,8.4,97,5000,11900.0,21.25
0,diesel,peugeot,turbo,4,sedan,rwd,front,107.9,186.7,68.4,56.7,3197,l,4,152,idi,3.7,3.52,21.0,95,4150,13200.0,30.25
0,gas,peugeot,std,4,wagon,rwd,front,114.2,198.9,68.4,58.7,3230,l,4,120,mpfi,3.46,3.19,8.4,97,5000,12440.0,21.25
0,diesel,peugeot,turbo,4,wagon,rwd,front,114.2,198.9,68.4,58.7,3430,l,4,152,idi,3.7,3.52,21.0,95,4150,13860.0,25.0
0,gas,peugeot,std,4,sedan,rwd,front,107.9,186.7,68.4,56.7,3075,l,4,120,mpfi,3.46,2.19,8.4,95,5000,15580.0,21.25
0,diesel,peugeot,turbo,4,sedan,rwd,front,107.9,186.7,68.4,56.7,3252,l,4,152,idi,3.7,3.52,21.0,95,4150,16900.0,30.25
0,gas,peugeot,std,4,wagon,rwd,front,114.2,198.9,68.4,56.7,3285,l,4,120,mpfi,3.46,2.19,8.4,95,5000,16695.0,21.25
0,diesel,peugeot,turbo,4,wagon,rwd,front,114.2,198.9,68.4,58.7,3485,l,4,152,idi,3.7,3.52,21.0,95,4150,17075.0,25.0
0,gas,peugeot,std,4,sedan,rwd,front,107.9,186.7,68.4,56.7,3075,l,4,120,mpfi,3.46,3.19,8.4,97,5000,16630.0,21.25
0,diesel,peugeot,turbo,4,sedan,rwd,front,107.9,186.7,68.4,56.7,3252,l,4,152,idi,3.7,3.52,21.0,95,4150,17950.0,30.25
0,gas,peugeot,turbo,4,sedan,rwd,front,108.0,186.7,68.3,56.0,3130,l,4,134,mpfi,3.61,3.21,7.0,142,5600,18150.0,20.700000000000003
1,gas,plymouth,std,2,hatchback,fwd,front,93.7,157.3,63.8,50.8,1918,ohc,4,90,2bbl,2.97,3.23,9.4,68,5500,5572.0,38.8
1,gas,plymouth,turbo,2,hatchback,fwd,front,93.7,157.3,63.8,50.8,2128,ohc,4,98,spdi,3.03,3.39,7.6,102,5500,7957.0,26.700000000000003
1,gas,plymouth,std,4,hatchback,fwd,front,93.7,157.3,63.8,50.6,1967,ohc,4,90,2bbl,2.97,3.23,9.4,68,5500,6229.0,34.150000000000006
1,gas,plymouth,std,4,sedan,fwd,front,93.7,167.3,63.8,50.8,1989,ohc,4,90,2bbl,2.97,3.23,9.4,68,5500,6692.0,34.150000000000006
1,gas,plymouth,std,4,sedan,fwd,front,93.7,167.3,63.8,50.8,2191,ohc,4,98,2bbl,2.97,3.23,9.4,68,5500,7609.0,34.150000000000006
-1,gas,plymouth,std,4,wagon,fwd,front,103.3,174.6,64.6,59.8,2535,ohc,4,122,2bbl,3.35,3.46,8.5,88,5000,8921.0,26.700000000000003
3,gas,plymouth,turbo,2,hatchback,rwd,front,95.9,173.2,66.3,50.2,2818,ohc,4,156,spdi,3.59,3.86,7.0,145,5000,12764.0,21.25
3,gas,porsche,std,2,hatchback,rwd,front,94.5,168.9,68.3,50.2,2778,ohc,4,151,mpfi,3.94,3.11,9.5,143,5500,22018.0,22.6
3,gas,porsche,std,2,hardtop,rwd,rear,89.5,168.9,65.0,51.6,2756,ohcf,6,194,mpfi,3.74,2.9,9.5,207,5900,32528.0,20.6
3,gas,porsche,std,2,hardtop,rwd,rear,89.5,168.9,65.0,51.6,2756,ohcf,6,194,mpfi,3.74,2.9,9.5,207,5900,34028.0,20.6
3,gas,porsche,std,2,convertible,rwd,rear,89.5,168.9,65.0,51.6,2800,ohcf,6,194,mpfi,3.74,2.9,9.5,207,5900,37028.0,20.6
1,gas,porsche,std,2,hatchback,rwd,front,98.4,175.7,72.3,50.5,3366,dohcv,8,203,mpfi,3.94,3.11,10.0,288,5750,31400.5,21.950000000000003
0,gas,renault,std,4,wagon,fwd,front,96.1,181.5,66.5,55.2,2579,ohc,4,132,mpfi,3.46,3.9,8.7,90,5100,9295.0,26.6
2,gas,renault,std,2,hatchback,fwd,front,96.1,176.8,66.6,50.5,2460,ohc,4,132,mpfi,3.46,3.9,8.7,90,5100,9895.0,26.6
3,gas,saab,std,2,hatchback,fwd,front,99.1,186.6,66.5,56.1,2658,ohc,4,121,mpfi,3.54,3.07,9.31,110,5250,11850.0,24.15
2,gas,saab,std,4,sedan,fwd,front,99.1,186.6,66.5,56.1,2695,ohc,4,121,mpfi,3.54,3.07,9.3,110,5250,12170.0,24.15
3,gas,saab,std,2,hatchback,fwd,front,99.1,186.6,66.5,56.1,2707,ohc,4,121,mpfi,2.54,2.07,9.3,110,5250,15040.0,24.15
2,gas,saab,std,4,sedan,fwd,front,99.1,186.6,66.5,56.1,2758,ohc,4,121,mpfi,3.54,3.07,9.3,110,5250,15510.0,24.15
3,gas,saab,turbo,2,hatchback,fwd,front,99.1,186.6,66.5,56.1,2808,dohc,4,121,mpfi,3.54,3.07,9.0,160,5500,18150.0,22.150000000000002
2,gas,saab,turbo,4,sedan,fwd,front,99.1,186.6,66.5,56.1,2847,dohc,4,121,mpfi,3.54,3.07,9.0,160,5500,18620.0,22.150000000000002
2,gas,subaru,std,2,hatchback,fwd,front,93.7,156.9,63.4,53.7,2050,ohcf,4,97,2bbl,3.62,2.36,9.0,69,4900,5118.0,33.25
2,gas,subaru,std,2,hatchback,fwd,front,93.7,157.9,63.6,53.7,2120,ohcf,4,108,2bbl,3.62,2.64,8.7,73,4400,7053.0,28.25
2,gas,subaru,std,2,hatchback,4wd,front,93.3,157.3,63.8,55.7,2240,ohcf,4,108,2bbl,3.62,2.64,8.7,73,4400,7603.0,28.25
0,gas,subaru,std,4,sedan,fwd,front,97.2,172.0,65.4,52.5,2145,ohcf,4,108,2bbl,3.62,2.64,9.5,82,4800,7126.0,34.25
0,gas,subaru,std,4,sedan,fwd,front,97.2,172.0,65.4,52.5,2190,ohcf,4,108,2bbl,3.62,2.64,9.5,82,4400,7775.0,30.25
0,gas,subaru,std,4,sedan,fwd,front,97.2,172.0,65.4,52.5,2340,ohcf,4,108,mpfi,3.62,2.64,9.0,94,5200,9960.0,28.700000000000003
0,gas,subaru,std,4,sedan,4wd,front,97.0,172.0,65.4,54.3,2385,ohcf,4,108,2bbl,3.62,2.64,9.0,82,4800,9233.0,24.450000000000003
0,gas,subaru,turbo,4,sedan,4wd,front,97.0,172.0,65.4,54.3,2510,ohcf,4,108,mpfi,3.62,2.64,7.7,111,4800,11259.0,26.25
0,gas,subaru,std,4,wagon,fwd,front,97.0,173.5,65.4,53.0,2290,ohcf,4,108,2bbl,3.62,2.64,9.0,82,4800,7463.0,29.800000000000004
0,gas,subaru,std,4,wagon,fwd,front,97.0,173.5,65.4,53.0,2455,ohcf,4,108,mpfi,3.62,2.64,9.0,94,5200,10198.0,27.700000000000003
0,gas,subaru,std,4,wagon,4wd,front,96.9,173.6,65.4,54.9,2420,ohcf,4,108,2bbl,3.62,2.64,9.0,82,4800,8013.0,25.700000000000003
0,gas,subaru,turbo,4,wagon,4wd,front,96.9,173.6,65.4,54.9,2650,ohcf,4,108,mpfi,3.62,2.64,7.7,111,4800,11694.0,23.0
1,gas,toyota,std,2,hatchback,fwd,front,95.7,158.7,63.6,54.5,1985,ohc,4,92,2bbl,3.05,3.03,9.0,62,4800,5348.0,36.8
1,gas,toyota,std,2,hatchback,fwd,front,95.7,158.7,63.6,54.5,2040,ohc,4,92,2bbl,3.05,3.03,9.0,62,4800,6338.0,34.150000000000006
1,gas,toyota,std,4,hatchback,fwd,front,95.7,158.7,63.6,54.5,2015,ohc,4,92,2bbl,3.05,3.03,9.0,62,4800,6488.0,34.150000000000006
0,gas,toyota,std,4,wagon,fwd,front,95.7,169.7,63.6,59.1,2280,ohc,4,92,2bbl,3.05,3.03,9.0,62,4800,6918.0,33.7
0,gas,toyota,std,4,wagon,4wd,front,95.7,169.7,63.6,59.1,2290,ohc,4,92,2bbl,3.05,3.03,9.0,62,4800,7898.0,29.25
0,gas,toyota,std,4,wagon,4wd,front,95.7,169.7,63.6,59.1,3110,ohc,4,92,2bbl,3.05,3.03,9.0,62,4800,8778.0,29.25
0,gas,toyota,std,4,sedan,fwd,front,95.7,166.3,64.4,53.0,2081,ohc,4,98,2bbl,3.19,3.03,9.0,70,4800,6938.0,33.150000000000006
0,gas,toyota,std,4,hatchback,fwd,front,95.7,166.3,64.4,52.8,2109,ohc,4,98,2bbl,3.19,3.03,9.0,70,4800,7198.0,33.150000000000006
0,diesel,toyota,std,4,sedan,fwd,front,95.7,166.3,64.4,53.0,2275,ohc,4,110,idi,3.27,3.35,22.5,56,4500,7898.0,34.900000000000006
0,diesel,toyota,std,4,hatchback,fwd,front,95.7,166.3,64.4,52.8,2275,ohc,4,110,idi,3.27,3.35,22.5,56,4500,7788.0,42.050000000000004
0,gas,toyota,std,4,sedan,fwd,front,95.7,166.3,64.4,53.0,2094,ohc,4,98,2bbl,3.19,3.03,9.0,70,4800,7738.0,42.050000000000004
0,gas,toyota,std,4,hatchback,fwd,front,95.7,166.3,64.4,52.8,2122,ohc,4,98,2bbl,3.19,3.03,9.0,70,4800,8358.0,30.700000000000003
0,gas,toyota,std,4,sedan,fwd,front,95.7,166.3,64.4,52.8,2140,ohc,4,98,2bbl,3.19,3.03,9.0,70,4800,9258.0,30.700000000000003
1,gas,toyota,std,2,sedan,rwd,front,94.5,168.7,64.0,52.6,2169,ohc,4,98,2bbl,3.19,3.03,9.0,70,4800,8058.0,31.25
1,gas,toyota,std,2,hatchback,rwd,front,94.5,168.7,64.0,52.6,2204,ohc,4,98,2bbl,3.19,3.03,9.0,70,4800,8238.0,31.25
1,gas,toyota,std,2,sedan,rwd,front,94.5,168.7,64.0,52.6,2265,dohc,4,98,mpfi,3.24,3.08,9.4,112,6600,9298.0,27.35
1,gas,toyota,std,2,hatchback,rwd,front,94.5,168.7,64.0,52.6,2300,dohc,4,98,mpfi,3.24,3.08,9.4,112,6600,9538.0,27.35
2,gas,toyota,std,2,hardtop,rwd,front,98.4,176.2,65.6,52.0,2540,ohc,4,146,mpfi,3.62,3.5,9.3,116,4800,8449.0,26.700000000000003
2,gas,toyota,std,2,hardtop,rwd,front,98.4,176.2,65.6,52.0,2536,ohc,4,146,mpfi,3.62,3.5,9.3,116,4800,9639.0,26.700000000000003
2,gas,toyota,std,2,hatchback,rwd,front,98.4,176.2,65.6,52.0,2551,ohc,4,146,mpfi,3.62,3.5,9.3,116,4800,9989.0,26.700000000000003
2,gas,toyota,std,2,hardtop,rwd,front,98.4,176.2,65.6,52.0,2679,ohc,4,146,mpfi,3.62,3.5,9.3,116,4800,11199.0,26.700000000000003
2,gas,toyota,std,2,hatchback,rwd,front,98.4,176.2,65.6,52.0,2714,ohc,4,146,mpfi,3.62,3.5,9.3,116,4800,11549.0,26.700000000000003
2,gas,toyota,std,2,convertible,rwd,front,98.4,176.2,65.6,53.0,2975,ohc,4,146,mpfi,3.62,3.5,9.3,116,4800,17669.0,26.700000000000003
-1,gas,toyota,std,4,sedan,fwd,front,102.4,175.6,66.5,54.9,2326,ohc,4,122,mpfi,3.31,3.54,8.7,92,4200,8948.0,31.25
-1,diesel,toyota,turbo,4,sedan,fwd,front,102.4,175.6,66.5,54.9,2480,ohc,4,110,idi,3.27,3.35,22.5,73,4500,10698.0,31.35
-1,gas,toyota,std,4,hatchback,fwd,front,102.4,175.6,66.5,53.9,2414,ohc,4,122,mpfi,3.31,3.54,8.7,92,4200,9988.0,29.25
-1,gas,toyota,std,4,sedan,fwd,front,102.4,175.6,66.5,54.9,2414,ohc,4,122,mpfi,3.31,3.54,8.7,92,4200,10898.0,29.25
-1,gas,toyota,std,4,hatchback,fwd,front,102.4,175.6,66.5,53.9,2458,ohc,4,122,mpfi,3.31,3.54,8.7,92,4200,11248.0,29.25
3,gas,toyota,std,2,hatchback,rwd,front,102.9,183.5,67.7,52.0,2976,dohc,6,171,mpfi,3.27,3.35,9.3,161,5200,16558.0,21.8
3,gas,toyota,std,2,hatchback,rwd,front,102.9,183.5,67.7,52.0,3016,dohc,6,171,mpfi,3.27,3.35,9.3,161,5200,15998.0,21.25
-1,gas,toyota,std,4,sedan,rwd,front,104.5,187.8,66.5,54.1,3131,dohc,6,171,mpfi,3.27,3.35,9.2,156,5200,15690.0,21.8
-1,gas,toyota,std,4,wagon,rwd,front,104.5,187.8,66.5,54.1,3151,dohc,6,161,mpfi,3.27,3.35,9.2,156,5200,15750.0,21.25
2,diesel,volkswagen,std,2,sedan,fwd,front,97.3,171.7,65.5,55.7,2261,ohc,4,97,idi,3.01,3.4,23.0,52,4800,7775.0,41.05
2,gas,volkswagen,std,2,sedan,fwd,front,97.3,171.7,65.5,55.7,2209,ohc,4,109,mpfi,3.19,3.4,9.0,85,5250,7975.0,30.150000000000002
2,diesel,volkswagen,std,4,sedan,fwd,front,97.3,171.7,65.5,55.7,2264,ohc,4,97,idi,3.01,3.4,23.0,52,4800,7995.0,41.05
2,gas,volkswagen,std,4,sedan,fwd,front,97.3,171.7,65.5,55.7,2212,ohc,4,109,mpfi,3.19,3.4,9.0,85,5250,8195.0,30.150000000000002
2,gas,volkswagen,std,4,sedan,fwd,front,97.3,171.7,65.5,55.7,2275,ohc,4,109,mpfi,3.19,3.4,9.0,85,5250,8495.0,30.150000000000002
2,diesel,volkswagen,turbo,4,sedan,fwd,front,97.3,171.7,65.5,55.7,2319,ohc,4,97,idi,3.01,3.4,23.0,68,4500,9495.0,39.25
2,gas,volkswagen,std,4,sedan,fwd,front,97.3,171.7,65.5,55.7,2300,ohc,4,109,mpfi,3.19,3.4,10.0,100,5500,9995.0,28.700000000000003
3,gas,volkswagen,std,2,convertible,fwd,front,94.5,159.3,64.2,55.6,2254,ohc,4,109,mpfi,3.19,3.4,8.5,90,5500,11595.0,26.25
3,gas,volkswagen,std,2,hatchback,fwd,front,94.5,165.7,64.0,51.4,2221,ohc,4,109,mpfi,3.19,3.4,8.5,90,5500,9980.0,26.25
0,gas,volkswagen,std,4,sedan,fwd,front,100.4,180.2,66.9,55.1,2661,ohc,5,136,mpfi,3.19,3.4,8.5,110,5500,13295.0,21.25
0,diesel,volkswagen,turbo,4,sedan,fwd,front,100.4,180.2,66.9,55.1,2579,ohc,4,97,idi,3.01,3.4,23.0,68,4500,13845.0,35.25
0,gas,volkswagen,std,4,wagon,fwd,front,100.4,183.1,66.9,55.1,2563,ohc,4,109,mpfi,3.19,3.4,9.0,88,5500,12290.0,27.700000000000003
-2,gas,volvo,std,4,sedan,rwd,front,104.3,188.8,67.2,56.2,2912,ohc,4,141,mpfi,3.78,3.15,9.5,114,5400,12940.0,25.25
-1,gas,volvo,std,4,wagon,rwd,front,104.3,188.8,67.2,57.5,3034,ohc,4,141,mpfi,3.78,3.15,9.5,114,5400,13415.0,25.25
-2,gas,volvo,std,4,sedan,rwd,front,104.3,188.8,67.2,56.2,2935,ohc,4,141,mpfi,3.78,3.15,9.5,114,5400,15985.0,25.8
-1,gas,volvo,std,4,wagon,rwd,front,104.3,188.8,67.2,57.5,3042,ohc,4,141,mpfi,3.78,3.15,9.5,114,5400,16515.0,25.8
-2,gas,volvo,turbo,4,sedan,rwd,front,104.3,188.8,67.2,56.2,3045,ohc,4,130,mpfi,3.62,3.15,7.5,162,5100,18420.0,19.25
-1,gas,volvo,turbo,4,wagon,rwd,front,104.3,188.8,67.2,57.5,3157,ohc,4,130,mpfi,3.62,3.15,7.5,162,5100,18950.0,19.25
-1,gas,volvo,std,4,sedan,rwd,front,109.1,188.8,68.9,55.5,2952,ohc,4,141,mpfi,3.78,3.15,9.5,114,5400,16845.0,25.25
-1,gas,volvo,turbo,4,sedan,rwd,front,109.1,188.8,68.8,55.5,3049,ohc,4,141,mpfi,3.78,3.15,8.7,160,5300,19045.0,21.700000000000003
-1,gas,volvo,std,4,sedan,rwd,front,109.1,188.8,68.9,55.5,3012,ohcv,6,173,mpfi,3.58,2.87,8.8,134,5500,21485.0,20.25
-1,diesel,volvo,turbo,4,sedan,rwd,front,109.1,188.8,68.9,55.5,3217,ohc,6,145,idi,3.01,3.4,23.0,106,4800,22470.0,26.450000000000003
-1,gas,volvo,turbo,4,sedan,rwd,front,109.1,188.8,68.9,55.5,3062,ohc,4,141,mpfi,3.78,3.15,9.5,114,5400,22625.0,21.700000000000003
